Cancer_type	Regulatory_element	Cell_or_tissue	Factor	GEO_Sample_ID_or_ENCODE_file_ID	GEO_Series_ID_or_ENCODE_experiment_ID	PMID	Title	SRA_run_ID	Input_GEO_Sample_ID	Input_SRA_run_ID	File_URL
BLCA	promoter	Bladder-tissue	H3K4me3	GSM1220294	GSE16256	23526891	RFECS: a random-forest based algorithm for enhancer identification from chromatin state	SRR1045816,SRR1045817	GSM1059457	SRR643657	https://github.com/rhielab/TENET.AnnotationHub_files/raw/main/Promoter/BLCA/Bladder-tissue_GSM1220294_H3K4me3_BLCA.filt.nodup.srt.MACS2.narrowPeak.gz
BRCA	promoter	76NF2V	H3K4me3	GSM2258694	GSE85158	29273624	Enhancer transcription reveals subtype-specific gene expression programs controlling breast cancer pathogenesis	SRR3997183	GSM2258702,GSM2258703	SRR3997191,SRR3997192	https://github.com/rhielab/TENET.AnnotationHub_files/raw/main/Promoter/BRCA/76NF2V_GSM2258694_H3K4me3_BRCA.filt.nodup.srt.MACS2.narrowPeak.gz
BRCA	promoter	76NF2V	H3K4me3	GSM2258695	GSE85158	29273624	Enhancer transcription reveals subtype-specific gene expression programs controlling breast cancer pathogenesis	SRR3997184	GSM2258702,GSM2258703	SRR3997191,SRR3997192	https://github.com/rhielab/TENET.AnnotationHub_files/raw/main/Promoter/BRCA/76NF2V_GSM2258695_H3K4me3_BRCA.filt.nodup.srt.MACS2.narrowPeak.gz
BRCA	promoter	AU565	H3K4me3	GSM2258820	GSE85158	29273624	Enhancer transcription reveals subtype-specific gene expression programs controlling breast cancer pathogenesis	SRR3997309	GSM2258828,GSM2258829	SRR3997317,SRR3997318	https://github.com/rhielab/TENET.AnnotationHub_files/raw/main/Promoter/BRCA/AU565_GSM2258820_H3K4me3_BRCA.filt.nodup.srt.MACS2.narrowPeak.gz
BRCA	promoter	AU565	H3K4me3	GSM2258821	GSE85158	29273624	Enhancer transcription reveals subtype-specific gene expression programs controlling breast cancer pathogenesis	SRR3997310	GSM2258828,GSM2258829	SRR3997317,SRR3997318	https://github.com/rhielab/TENET.AnnotationHub_files/raw/main/Promoter/BRCA/AU565_GSM2258821_H3K4me3_BRCA.filt.nodup.srt.MACS2.narrowPeak.gz
BRCA	promoter	Breast-epithelium-tissue	H3K4me3	ENCFF651QRL	ENCSR416AUW	22955616	An integrated encyclopedia of DNA elements in the human genome	NA	NA	NA	https://github.com/rhielab/TENET.AnnotationHub_files/raw/main/Promoter/BRCA/Breast-epithelium-tissue_ENCFF651QRL_H3K4me3_BRCA.bed.gz
BRCA	promoter	Cultured-mammary-epithelial-cells	H3K4me3	GSM1280519	GSE53026	24367927	Architecture of epigenetic reprogramming following Twist1-mediated epithelial-mesenchymal transition	SRR1043701	GSM1280520	SRR1043702	https://github.com/rhielab/TENET.AnnotationHub_files/raw/main/Promoter/BRCA/Cultured-mammary-epithelial-cells_GSM1280519_H3K4me3_BRCA.filt.nodup.srt.MACS2.narrowPeak.gz
BRCA	promoter	Cultured-mammary-epithelial-cells	H3K4me3	GSM1383856	GSE57498	24916973	Reconfiguration of nucleosome-depleted regions at distal regulatory elements accompanies DNA methylation of enhancers and insulators in cancer	SRR1282215	GSM1383858	SRR1282217	https://github.com/rhielab/TENET.AnnotationHub_files/raw/main/Promoter/BRCA/Cultured-mammary-epithelial-cells_GSM1383856_H3K4me3_BRCA.filt.nodup.srt.MACS2.narrowPeak.gz
BRCA	promoter	Cultured-mammary-epithelial-cells	H3K4me3	GSM1537283	GSE62966	25653311	The inactive X chromosome is epigenetically unstable and transcriptionally labile in breast cancer	SRR1639721	GSM1537298	SRR1639736	https://github.com/rhielab/TENET.AnnotationHub_files/raw/main/Promoter/BRCA/Cultured-mammary-epithelial-cells_GSM1537283_H3K4me3_BRCA.filt.nodup.srt.MACS2.narrowPeak.gz
BRCA	promoter	HCC1937	H3K4me3	GSM2258910	GSE85158	29273624	Enhancer transcription reveals subtype-specific gene expression programs controlling breast cancer pathogenesis	SRR3997399	GSM2258918,GSM2258919	SRR3997407,SRR3997408	https://github.com/rhielab/TENET.AnnotationHub_files/raw/main/Promoter/BRCA/HCC1937_GSM2258910_H3K4me3_BRCA.filt.nodup.srt.MACS2.narrowPeak.gz
BRCA	promoter	HCC1937	H3K4me3	GSM2258911	GSE85158	29273624	Enhancer transcription reveals subtype-specific gene expression programs controlling breast cancer pathogenesis	SRR3997400	GSM2258918,GSM2258919	SRR3997407,SRR3997408	https://github.com/rhielab/TENET.AnnotationHub_files/raw/main/Promoter/BRCA/HCC1937_GSM2258911_H3K4me3_BRCA.filt.nodup.srt.MACS2.narrowPeak.gz
BRCA	promoter	HCC1954	H3K4me3	GSM2258838	GSE85158	29273624	Enhancer transcription reveals subtype-specific gene expression programs controlling breast cancer pathogenesis	SRR3997327	GSM2258846,GSM2258847	SRR3997335,SRR3997336	https://github.com/rhielab/TENET.AnnotationHub_files/raw/main/Promoter/BRCA/HCC1954_GSM2258838_H3K4me3_BRCA.filt.nodup.srt.MACS2.narrowPeak.gz
BRCA	promoter	HCC1954	H3K4me3	GSM2258839	GSE85158	29273624	Enhancer transcription reveals subtype-specific gene expression programs controlling breast cancer pathogenesis	SRR3997328	GSM2258846,GSM2258847	SRR3997335,SRR3997336	https://github.com/rhielab/TENET.AnnotationHub_files/raw/main/Promoter/BRCA/HCC1954_GSM2258839_H3K4me3_BRCA.filt.nodup.srt.MACS2.narrowPeak.gz
BRCA	promoter	HCC1954	H3K4me3	GSM721134	GSE29118	22156296	Global DNA hypomethylation coupled to repressive chromatin domain formation and gene silencing in breast cancer	SRR201966	GSM721139	SRR201981,SRR201982	https://github.com/rhielab/TENET.AnnotationHub_files/raw/main/Promoter/BRCA/HCC1954_GSM721134_H3K4me3_BRCA.filt.nodup.srt.MACS2.narrowPeak.gz
BRCA	promoter	HCC2157	H3K4me3	GSM1402463	GSE46055	24937458	JARID1B is a luminal lineage-driving oncogene in breast cancer	SRR1313268	GSM1122672	SRR827536	https://github.com/rhielab/TENET.AnnotationHub_files/raw/main/Promoter/BRCA/HCC2157_GSM1402463_H3K4me3_BRCA.filt.nodup.srt.MACS2.narrowPeak.gz
BRCA	promoter	HMC-P6	H3K4me3	GSM1569565	GSE64367	27034728	Global histone modification profiling reveals the epigenomic dynamics during malignant transformation in a four-stage breast cancer model	SRR1726370	GSM1569584	SRR1726389	https://github.com/rhielab/TENET.AnnotationHub_files/raw/main/Promoter/BRCA/HMC-P6_GSM1569565_H3K4me3_BRCA.filt.nodup.srt.MACS2.narrowPeak.gz
BRCA	promoter	MB231	H3K4me3	GSM2258856	GSE85158	29273624	Enhancer transcription reveals subtype-specific gene expression programs controlling breast cancer pathogenesis	SRR3997345	GSM2258864,GSM2258865	SRR3997353,SRR3997354	https://github.com/rhielab/TENET.AnnotationHub_files/raw/main/Promoter/BRCA/MB231_GSM2258856_H3K4me3_BRCA.filt.nodup.srt.MACS2.narrowPeak.gz
BRCA	promoter	MB231	H3K4me3	GSM2258857	GSE85158	29273624	Enhancer transcription reveals subtype-specific gene expression programs controlling breast cancer pathogenesis	SRR3997346	GSM2258864,GSM2258865	SRR3997353,SRR3997354	https://github.com/rhielab/TENET.AnnotationHub_files/raw/main/Promoter/BRCA/MB231_GSM2258857_H3K4me3_BRCA.filt.nodup.srt.MACS2.narrowPeak.gz
BRCA	promoter	MB361	H3K4me3	GSM2258766	GSE85158	29273624	Enhancer transcription reveals subtype-specific gene expression programs controlling breast cancer pathogenesis	SRR3997255	GSM2258774,GSM2258775	SRR3997263,SRR3997264	https://github.com/rhielab/TENET.AnnotationHub_files/raw/main/Promoter/BRCA/MB361_GSM2258766_H3K4me3_BRCA.filt.nodup.srt.MACS2.narrowPeak.gz
BRCA	promoter	MB361	H3K4me3	GSM2258767	GSE85158	29273624	Enhancer transcription reveals subtype-specific gene expression programs controlling breast cancer pathogenesis	SRR3997256	GSM2258774,GSM2258775	SRR3997263,SRR3997264	https://github.com/rhielab/TENET.AnnotationHub_files/raw/main/Promoter/BRCA/MB361_GSM2258767_H3K4me3_BRCA.filt.nodup.srt.MACS2.narrowPeak.gz
BRCA	promoter	MB436	H3K4me3	GSM2258874	GSE85158	29273624	Enhancer transcription reveals subtype-specific gene expression programs controlling breast cancer pathogenesis	SRR3997363	GSM2258882,GSM2258883	SRR3997371,SRR3997372	https://github.com/rhielab/TENET.AnnotationHub_files/raw/main/Promoter/BRCA/MB436_GSM2258874_H3K4me3_BRCA.filt.nodup.srt.MACS2.narrowPeak.gz
BRCA	promoter	MB436	H3K4me3	GSM2258875	GSE85158	29273624	Enhancer transcription reveals subtype-specific gene expression programs controlling breast cancer pathogenesis	SRR3997364	GSM2258882,GSM2258883	SRR3997371,SRR3997372	https://github.com/rhielab/TENET.AnnotationHub_files/raw/main/Promoter/BRCA/MB436_GSM2258875_H3K4me3_BRCA.filt.nodup.srt.MACS2.narrowPeak.gz
BRCA	promoter	MB468	H3K4me3	GSM2258892	GSE85158	29273624	Enhancer transcription reveals subtype-specific gene expression programs controlling breast cancer pathogenesis	SRR3997381	GSM2258900,GSM2258901	SRR3997389,SRR3997390	https://github.com/rhielab/TENET.AnnotationHub_files/raw/main/Promoter/BRCA/MB468_GSM2258892_H3K4me3_BRCA.filt.nodup.srt.MACS2.narrowPeak.gz
BRCA	promoter	MB468	H3K4me3	GSM2258893	GSE85158	29273624	Enhancer transcription reveals subtype-specific gene expression programs controlling breast cancer pathogenesis	SRR3997382	GSM2258900,GSM2258901	SRR3997389,SRR3997390	https://github.com/rhielab/TENET.AnnotationHub_files/raw/main/Promoter/BRCA/MB468_GSM2258893_H3K4me3_BRCA.filt.nodup.srt.MACS2.narrowPeak.gz
BRCA	promoter	MCF-10A	H3K4me3	GSM1700380	GSE75169	26783963	Histone H3 lysine 4 acetylation and methylation dynamics define breast cancer subtypes	SRR2044722	GSM1700382,GSM1700383	SRR2044724,SRR2044725	https://github.com/rhielab/TENET.AnnotationHub_files/raw/main/Promoter/BRCA/MCF-10A_GSM1700380_H3K4me3_BRCA.filt.nodup.srt.MACS2.narrowPeak.gz
BRCA	promoter	MCF-10A	H3K4me3	GSM1700381	GSE75169	26783963	Histone H3 lysine 4 acetylation and methylation dynamics define breast cancer subtypes	SRR2044723	GSM1700382,GSM1700383	SRR2044724,SRR2044725	https://github.com/rhielab/TENET.AnnotationHub_files/raw/main/Promoter/BRCA/MCF-10A_GSM1700381_H3K4me3_BRCA.filt.nodup.srt.MACS2.narrowPeak.gz
BRCA	promoter	MCF-10A	H3K4me3	GSM2058901	GSE77772	26916849	Oncofetal Epigenetic Bivalency in Breast Cancer Cells: H3K4 and H3K27 Tri-Methylation as a Biomarker for Phenotypic Plasticity	SRR3159915	GSM2058903,GSM2058904	SRR3159917,SRR3159918	https://github.com/rhielab/TENET.AnnotationHub_files/raw/main/Promoter/BRCA/MCF-10A_GSM2058901_H3K4me3_BRCA.filt.nodup.srt.MACS2.narrowPeak.gz
BRCA	promoter	MCF-10A	H3K4me3	GSM2058902	GSE77772	26916849	Oncofetal Epigenetic Bivalency in Breast Cancer Cells: H3K4 and H3K27 Tri-Methylation as a Biomarker for Phenotypic Plasticity	SRR3159916	GSM2058903,GSM2058904	SRR3159917,SRR3159918	https://github.com/rhielab/TENET.AnnotationHub_files/raw/main/Promoter/BRCA/MCF-10A_GSM2058902_H3K4me3_BRCA.filt.nodup.srt.MACS2.narrowPeak.gz
BRCA	promoter	MCF-10A	H3K4me3	GSM2258712	GSE85158	29273624	Enhancer transcription reveals subtype-specific gene expression programs controlling breast cancer pathogenesis	SRR3997201	GSM2258720,GSM2258721	SRR3997209,SRR3997210	https://github.com/rhielab/TENET.AnnotationHub_files/raw/main/Promoter/BRCA/MCF-10A_GSM2258712_H3K4me3_BRCA.filt.nodup.srt.MACS2.narrowPeak.gz
BRCA	promoter	MCF-10A	H3K4me3	GSM2258713	GSE85158	29273624	Enhancer transcription reveals subtype-specific gene expression programs controlling breast cancer pathogenesis	SRR3997202	GSM2258720,GSM2258721	SRR3997209,SRR3997210	https://github.com/rhielab/TENET.AnnotationHub_files/raw/main/Promoter/BRCA/MCF-10A_GSM2258713_H3K4me3_BRCA.filt.nodup.srt.MACS2.narrowPeak.gz
BRCA	promoter	MCF-10A	H3K4me3	GSM2949414	GSE109721	29503088	BCL11B Drives Human Mammary Stem Cell Self-Renewal In Vitro by Inhibiting Basal Differentiation	SRR6515359	GSM2949413	SRR6515358	https://github.com/rhielab/TENET.AnnotationHub_files/raw/main/Promoter/BRCA/MCF-10A_GSM2949414_H3K4me3_BRCA.filt.nodup.srt.MACS2.narrowPeak.gz
BRCA	promoter	MCF-7	H3K4me3	ENCFF813XFQ	ENCSR985MIB	22955616	An integrated encyclopedia of DNA elements in the human genome	NA	NA	NA	https://github.com/rhielab/TENET.AnnotationHub_files/raw/main/Promoter/BRCA/MCF-7_ENCFF813XFQ_H3K4me3_BRCA.bed.gz
BRCA	promoter	MCF-7	H3K4me3	GSM1122656	GSE46073	24937458	JARID1B is a luminal lineage-driving oncogene in breast cancer	SRR827520	GSM1122658	SRR827522	https://github.com/rhielab/TENET.AnnotationHub_files/raw/main/Promoter/BRCA/MCF-7_GSM1122656_H3K4me3_BRCA.filt.nodup.srt.MACS2.narrowPeak.gz
BRCA	promoter	MCF-7	H3K4me3	GSM1383862	GSE57498	24916973	Reconfiguration of nucleosome-depleted regions at distal regulatory elements accompanies DNA methylation of enhancers and insulators in cancer	SRR1282221	GSM1383864	SRR1282223	https://github.com/rhielab/TENET.AnnotationHub_files/raw/main/Promoter/BRCA/MCF-7_GSM1383862_H3K4me3_BRCA.filt.nodup.srt.MACS2.narrowPeak.gz
BRCA	promoter	MCF-7	H3K4me3	GSM1700386	GSE75169	26783963	Histone H3 lysine 4 acetylation and methylation dynamics define breast cancer subtypes	SRR2044728	GSM1700388,GSM1700389	SRR2044730,SRR2044731	https://github.com/rhielab/TENET.AnnotationHub_files/raw/main/Promoter/BRCA/MCF-7_GSM1700386_H3K4me3_BRCA.filt.nodup.srt.MACS2.narrowPeak.gz
BRCA	promoter	MCF-7	H3K4me3	GSM1700387	GSE75169	26783963	Histone H3 lysine 4 acetylation and methylation dynamics define breast cancer subtypes	SRR2044729	GSM1700388,GSM1700389	SRR2044730,SRR2044731	https://github.com/rhielab/TENET.AnnotationHub_files/raw/main/Promoter/BRCA/MCF-7_GSM1700387_H3K4me3_BRCA.filt.nodup.srt.MACS2.narrowPeak.gz
BRCA	promoter	MCF-7	H3K4me3	GSM2058907	GSE77772	26916849	Oncofetal Epigenetic Bivalency in Breast Cancer Cells: H3K4 and H3K27 Tri-Methylation as a Biomarker for Phenotypic Plasticity	SRR3159921	GSM2058909,GSM2058910	SRR3159923,SRR3159924	https://github.com/rhielab/TENET.AnnotationHub_files/raw/main/Promoter/BRCA/MCF-7_GSM2058907_H3K4me3_BRCA.filt.nodup.srt.MACS2.narrowPeak.gz
BRCA	promoter	MCF-7	H3K4me3	GSM2058908	GSE77772	26916849	Oncofetal Epigenetic Bivalency in Breast Cancer Cells: H3K4 and H3K27 Tri-Methylation as a Biomarker for Phenotypic Plasticity	SRR3159922	GSM2058909,GSM2058910	SRR3159923,SRR3159924	https://github.com/rhielab/TENET.AnnotationHub_files/raw/main/Promoter/BRCA/MCF-7_GSM2058908_H3K4me3_BRCA.filt.nodup.srt.MACS2.narrowPeak.gz
BRCA	promoter	MCF-7	H3K4me3	GSM2171847	GSE81714	27926873	FOXA1 Directs H3K4 Monomethylation at Enhancers via Recruitment of the Methyltransferase MLL3	SRR3561331,SRR3561332	GSM2171863,GSM2171864	SRR3561360,SRR3561362	https://github.com/rhielab/TENET.AnnotationHub_files/raw/main/Promoter/BRCA/MCF-7_GSM2171847_H3K4me3_BRCA.filt.nodup.srt.MACS2.narrowPeak.gz
BRCA	promoter	MCF-7	H3K4me3	GSM2171848	GSE81714	27926873	FOXA1 Directs H3K4 Monomethylation at Enhancers via Recruitment of the Methyltransferase MLL3	SRR3561333,SRR3561334	GSM2171863,GSM2171864	SRR3561360,SRR3561362	https://github.com/rhielab/TENET.AnnotationHub_files/raw/main/Promoter/BRCA/MCF-7_GSM2171848_H3K4me3_BRCA.filt.nodup.srt.MACS2.narrowPeak.gz
BRCA	promoter	MCF-7	H3K4me3	GSM2258730	GSE85158	29273624	Enhancer transcription reveals subtype-specific gene expression programs controlling breast cancer pathogenesis	SRR3997219	GSM2258738,GSM2258739	SRR3997227,SRR3997228	https://github.com/rhielab/TENET.AnnotationHub_files/raw/main/Promoter/BRCA/MCF-7_GSM2258730_H3K4me3_BRCA.filt.nodup.srt.MACS2.narrowPeak.gz
BRCA	promoter	MCF-7	H3K4me3	GSM2258731	GSE85158	29273624	Enhancer transcription reveals subtype-specific gene expression programs controlling breast cancer pathogenesis	SRR3997220	GSM2258738,GSM2258739	SRR3997227,SRR3997228	https://github.com/rhielab/TENET.AnnotationHub_files/raw/main/Promoter/BRCA/MCF-7_GSM2258731_H3K4me3_BRCA.filt.nodup.srt.MACS2.narrowPeak.gz
BRCA	promoter	MCF-7	H3K4me3	GSM2570001	GSE97481	29282222	A KDM5 Inhibitor Increases Global H3K4 Trimethylation Occupancy and Enhances the Biological Efficacy of 5-Aza-2'-Deoxycytidine	SRR5427909	GSM2570000	SRR5427908	https://github.com/rhielab/TENET.AnnotationHub_files/raw/main/Promoter/BRCA/MCF-7_GSM2570001_H3K4me3_BRCA.filt.nodup.srt.MACS2.narrowPeak.gz
BRCA	promoter	MCF-7	H3K4me3	GSM945269	GSE51334	22955617	The accessible chromatin landscape of the human genome	SRR577485,SRR577486	GSM945274	SRR577493	https://github.com/rhielab/TENET.AnnotationHub_files/raw/main/Promoter/BRCA/MCF-7_GSM945269_H3K4me3_BRCA.filt.nodup.srt.MACS2.narrowPeak.gz
BRCA	promoter	MDA-MB-231	H3K4me3	GSM1204472	GSE49651	24885402	Nucleosome positioning and histone modifications define relationships between regulatory elements and nearby gene expression in breast epithelial cells	SRR949138	GSM1204476	SRR949142	https://github.com/rhielab/TENET.AnnotationHub_files/raw/main/Promoter/BRCA/MDA-MB-231_GSM1204472_H3K4me3_BRCA.filt.nodup.srt.MACS2.narrowPeak.gz
BRCA	promoter	MDA-MB-231	H3K4me3	GSM1204473	GSE49651	24885402	Nucleosome positioning and histone modifications define relationships between regulatory elements and nearby gene expression in breast epithelial cells	SRR949139	GSM1204476	SRR949142	https://github.com/rhielab/TENET.AnnotationHub_files/raw/main/Promoter/BRCA/MDA-MB-231_GSM1204473_H3K4me3_BRCA.filt.nodup.srt.MACS2.narrowPeak.gz
BRCA	promoter	MDA-MB-231	H3K4me3	GSM1700393	GSE75169	26783963	Histone H3 lysine 4 acetylation and methylation dynamics define breast cancer subtypes	SRR2044735	GSM1700394,GSM1700395	SRR2044736,SRR2044737	https://github.com/rhielab/TENET.AnnotationHub_files/raw/main/Promoter/BRCA/MDA-MB-231_GSM1700393_H3K4me3_BRCA.filt.nodup.srt.MACS2.narrowPeak.gz
BRCA	promoter	MDA-MB-231	H3K4me3	GSM1824910	GSE71077	27346354	Cbx8 Acts Non-canonically with Wdr5 to Promote Mammary Tumorigenesis	SRR2104580	GSM1824909	SRR2104579	https://github.com/rhielab/TENET.AnnotationHub_files/raw/main/Promoter/BRCA/MDA-MB-231_GSM1824910_H3K4me3_BRCA.filt.nodup.srt.MACS2.narrowPeak.gz
BRCA	promoter	MDA-MB-231	H3K4me3	GSM2058914	GSE77772	26916849	Oncofetal Epigenetic Bivalency in Breast Cancer Cells: H3K4 and H3K27 Tri-Methylation as a Biomarker for Phenotypic Plasticity	SRR3159928	GSM2058915,GSM2058916	SRR3159929,SRR3159930	https://github.com/rhielab/TENET.AnnotationHub_files/raw/main/Promoter/BRCA/MDA-MB-231_GSM2058914_H3K4me3_BRCA.filt.nodup.srt.MACS2.narrowPeak.gz
BRCA	promoter	MDA-MB-436	H3K4me3	GSM1537286	GSE62966	25653311	The inactive X chromosome is epigenetically unstable and transcriptionally labile in breast cancer	SRR1639724	GSM1537301	SRR1639739	https://github.com/rhielab/TENET.AnnotationHub_files/raw/main/Promoter/BRCA/MDA-MB-436_GSM1537286_H3K4me3_BRCA.filt.nodup.srt.MACS2.narrowPeak.gz
BRCA	promoter	MDA-MB-468	H3K4me3	GSM1429760	GSE59176	26331536	Gain-of-function p53 mutants co-opt chromatin pathways to drive cancer growth	SRR1508741,SRR1508742,SRR1508743,SRR1508744	GSM1429758	SRR1508733,SRR1508734,SRR1508735,SRR1508736	https://github.com/rhielab/TENET.AnnotationHub_files/raw/main/Promoter/BRCA/MDA-MB-468_GSM1429760_H3K4me3_BRCA.filt.nodup.srt.MACS2.narrowPeak.gz
BRCA	promoter	Primary-breast-tumor-tissue	H3K4me3	GSM1003709	GSE40867	26484094	Genome-wide epigenetic profiling of breast cancer tumors treated with aromatase inhibitors	SRR568484	GSM1003743	SRR568518	https://github.com/rhielab/TENET.AnnotationHub_files/raw/main/Promoter/BRCA/Primary-breast-tumor-tissue_GSM1003709_H3K4me3_BRCA.filt.nodup.srt.MACS2.narrowPeak.gz
BRCA	promoter	Primary-breast-tumor-tissue	H3K4me3	GSM1003712	GSE40867	26484094	Genome-wide epigenetic profiling of breast cancer tumors treated with aromatase inhibitors	SRR568487	GSM1003743	SRR568518	https://github.com/rhielab/TENET.AnnotationHub_files/raw/main/Promoter/BRCA/Primary-breast-tumor-tissue_GSM1003712_H3K4me3_BRCA.filt.nodup.srt.MACS2.narrowPeak.gz
BRCA	promoter	Primary-breast-tumor-tissue	H3K4me3	GSM1003715	GSE40867	26484094	Genome-wide epigenetic profiling of breast cancer tumors treated with aromatase inhibitors	SRR568490	GSM1003743	SRR568518	https://github.com/rhielab/TENET.AnnotationHub_files/raw/main/Promoter/BRCA/Primary-breast-tumor-tissue_GSM1003715_H3K4me3_BRCA.filt.nodup.srt.MACS2.narrowPeak.gz
BRCA	promoter	Primary-breast-tumor-tissue	H3K4me3	GSM1003718	GSE40867	26484094	Genome-wide epigenetic profiling of breast cancer tumors treated with aromatase inhibitors	SRR568493	GSM1003743	SRR568518	https://github.com/rhielab/TENET.AnnotationHub_files/raw/main/Promoter/BRCA/Primary-breast-tumor-tissue_GSM1003718_H3K4me3_BRCA.filt.nodup.srt.MACS2.narrowPeak.gz
BRCA	promoter	Primary-breast-tumor-tissue	H3K4me3	GSM1003721	GSE40867	26484094	Genome-wide epigenetic profiling of breast cancer tumors treated with aromatase inhibitors	SRR568496	GSM1003743	SRR568518	https://github.com/rhielab/TENET.AnnotationHub_files/raw/main/Promoter/BRCA/Primary-breast-tumor-tissue_GSM1003721_H3K4me3_BRCA.filt.nodup.srt.MACS2.narrowPeak.gz
BRCA	promoter	Primary-breast-tumor-tissue	H3K4me3	GSM1003724	GSE40867	26484094	Genome-wide epigenetic profiling of breast cancer tumors treated with aromatase inhibitors	SRR568499	GSM1003743	SRR568518	https://github.com/rhielab/TENET.AnnotationHub_files/raw/main/Promoter/BRCA/Primary-breast-tumor-tissue_GSM1003724_H3K4me3_BRCA.filt.nodup.srt.MACS2.narrowPeak.gz
BRCA	promoter	Primary-breast-tumor-tissue	H3K4me3	GSM1003729	GSE40867	26484094	Genome-wide epigenetic profiling of breast cancer tumors treated with aromatase inhibitors	SRR568504	GSM1003743	SRR568518	https://github.com/rhielab/TENET.AnnotationHub_files/raw/main/Promoter/BRCA/Primary-breast-tumor-tissue_GSM1003729_H3K4me3_BRCA.filt.nodup.srt.MACS2.narrowPeak.gz
BRCA	promoter	Primary-breast-tumor-tissue	H3K4me3	GSM1003732	GSE40867	26484094	Genome-wide epigenetic profiling of breast cancer tumors treated with aromatase inhibitors	SRR568507	GSM1003743	SRR568518	https://github.com/rhielab/TENET.AnnotationHub_files/raw/main/Promoter/BRCA/Primary-breast-tumor-tissue_GSM1003732_H3K4me3_BRCA.filt.nodup.srt.MACS2.narrowPeak.gz
BRCA	promoter	Primary-breast-tumor-tissue	H3K4me3	GSM1003735	GSE40867	26484094	Genome-wide epigenetic profiling of breast cancer tumors treated with aromatase inhibitors	SRR568510	GSM1003743	SRR568518	https://github.com/rhielab/TENET.AnnotationHub_files/raw/main/Promoter/BRCA/Primary-breast-tumor-tissue_GSM1003735_H3K4me3_BRCA.filt.nodup.srt.MACS2.narrowPeak.gz
BRCA	promoter	Primary-breast-tumor-tissue	H3K4me3	GSM1003738	GSE40867	26484094	Genome-wide epigenetic profiling of breast cancer tumors treated with aromatase inhibitors	SRR568513	GSM1003743	SRR568518	https://github.com/rhielab/TENET.AnnotationHub_files/raw/main/Promoter/BRCA/Primary-breast-tumor-tissue_GSM1003738_H3K4me3_BRCA.filt.nodup.srt.MACS2.narrowPeak.gz
BRCA	promoter	Primary-breast-tumor-tissue	H3K4me3	GSM1003741	GSE40867	26484094	Genome-wide epigenetic profiling of breast cancer tumors treated with aromatase inhibitors	SRR568516	GSM1003743	SRR568518	https://github.com/rhielab/TENET.AnnotationHub_files/raw/main/Promoter/BRCA/Primary-breast-tumor-tissue_GSM1003741_H3K4me3_BRCA.filt.nodup.srt.MACS2.narrowPeak.gz
BRCA	promoter	SKBR-3	H3K4me3	GSM1537285	GSE62966	25653311	The inactive X chromosome is epigenetically unstable and transcriptionally labile in breast cancer	SRR1639723	GSM1537300	SRR1639738	https://github.com/rhielab/TENET.AnnotationHub_files/raw/main/Promoter/BRCA/SKBR-3_GSM1537285_H3K4me3_BRCA.filt.nodup.srt.MACS2.narrowPeak.gz
BRCA	promoter	SKBR-3	H3K4me3	GSM2258802	GSE85158	29273624	Enhancer transcription reveals subtype-specific gene expression programs controlling breast cancer pathogenesis	SRR3997291	GSM2258810,GSM2258811	SRR3997299,SRR3997300	https://github.com/rhielab/TENET.AnnotationHub_files/raw/main/Promoter/BRCA/SKBR-3_GSM2258802_H3K4me3_BRCA.filt.nodup.srt.MACS2.narrowPeak.gz
BRCA	promoter	SKBR-3	H3K4me3	GSM2258803	GSE85158	29273624	Enhancer transcription reveals subtype-specific gene expression programs controlling breast cancer pathogenesis	SRR3997292	GSM2258810,GSM2258811	SRR3997299,SRR3997300	https://github.com/rhielab/TENET.AnnotationHub_files/raw/main/Promoter/BRCA/SKBR-3_GSM2258803_H3K4me3_BRCA.filt.nodup.srt.MACS2.narrowPeak.gz
BRCA	promoter	SUM159PT	H3K4me3	GSM1122666	GSE46073	24937458	JARID1B is a luminal lineage-driving oncogene in breast cancer	SRR827530	GSM1122668	SRR827532	https://github.com/rhielab/TENET.AnnotationHub_files/raw/main/Promoter/BRCA/SUM159PT_GSM1122666_H3K4me3_BRCA.filt.nodup.srt.MACS2.narrowPeak.gz
BRCA	promoter	SUM159PT	H3K4me3	GSM2330571	GSE87424	28108460	Enhancer Remodeling during Adaptive Bypass to MEK Inhibition Is Attenuated by Pharmacologic Targeting of the P-TEFb Complex	SRR4299702	GSM2330573	SRR4299704	https://github.com/rhielab/TENET.AnnotationHub_files/raw/main/Promoter/BRCA/SUM159PT_GSM2330571_H3K4me3_BRCA.filt.nodup.srt.MACS2.narrowPeak.gz
BRCA	promoter	UACC812	H3K4me3	GSM2258784	GSE85158	29273624	Enhancer transcription reveals subtype-specific gene expression programs controlling breast cancer pathogenesis	SRR3997273	GSM2258792,GSM2258793	SRR3997281,SRR3997282	https://github.com/rhielab/TENET.AnnotationHub_files/raw/main/Promoter/BRCA/UACC812_GSM2258784_H3K4me3_BRCA.filt.nodup.srt.MACS2.narrowPeak.gz
BRCA	promoter	UACC812	H3K4me3	GSM2258785	GSE85158	29273624	Enhancer transcription reveals subtype-specific gene expression programs controlling breast cancer pathogenesis	SRR3997274	GSM2258792,GSM2258793	SRR3997281,SRR3997282	https://github.com/rhielab/TENET.AnnotationHub_files/raw/main/Promoter/BRCA/UACC812_GSM2258785_H3K4me3_BRCA.filt.nodup.srt.MACS2.narrowPeak.gz
BRCA	promoter	ZR-75-1	H3K4me3	GSM1537287	GSE62966	25653311	The inactive X chromosome is epigenetically unstable and transcriptionally labile in breast cancer	SRR1639725	GSM1537302	SRR1639740	https://github.com/rhielab/TENET.AnnotationHub_files/raw/main/Promoter/BRCA/ZR-75-1_GSM1537287_H3K4me3_BRCA.filt.nodup.srt.MACS2.narrowPeak.gz
BRCA	promoter	ZR-75-1	H3K4me3	GSM2258748	GSE85158	29273624	Enhancer transcription reveals subtype-specific gene expression programs controlling breast cancer pathogenesis	SRR3997237	GSM2258756,GSM2258757	SRR3997245,SRR3997246	https://github.com/rhielab/TENET.AnnotationHub_files/raw/main/Promoter/BRCA/ZR-75-1_GSM2258748_H3K4me3_BRCA.filt.nodup.srt.MACS2.narrowPeak.gz
BRCA	promoter	ZR-75-1	H3K4me3	GSM2258749	GSE85158	29273624	Enhancer transcription reveals subtype-specific gene expression programs controlling breast cancer pathogenesis	SRR3997238	GSM2258756,GSM2258757	SRR3997245,SRR3997246	https://github.com/rhielab/TENET.AnnotationHub_files/raw/main/Promoter/BRCA/ZR-75-1_GSM2258749_H3K4me3_BRCA.filt.nodup.srt.MACS2.narrowPeak.gz
BRCA	promoter	ZR-75-30	H3K4me3	GSM2029585	GSE71327	27058665	Suppression of Enhancer Overactivation by a RACK7-Histone Demethylase Complex	SRR3090759	GSM1832650	SRR2126431	https://github.com/rhielab/TENET.AnnotationHub_files/raw/main/Promoter/BRCA/ZR-75-30_GSM2029585_H3K4me3_BRCA.filt.nodup.srt.MACS2.narrowPeak.gz
COAD	promoter	Caco2	H3K4me3	GSM945162	GSE35583	22955617	The accessible chromatin landscape of the human genome	SRR577311	GSM945236	SRR577439	https://github.com/rhielab/TENET.AnnotationHub_files/raw/main/Promoter/COAD/Caco2_GSM945162_H3K4me3_COAD.filt.nodup.srt.MACS2.narrowPeak.gz
COAD	promoter	DL23	H3K4me3	GSM1216742	GSE50243	24360957	FOXO3 selectively amplifies enhancer activity to establish target gene regulation	SRR957796	GSM1216739	SRR957790,SRR957791	https://github.com/rhielab/TENET.AnnotationHub_files/raw/main/Promoter/COAD/DL23_GSM1216742_H3K4me3_COAD.filt.nodup.srt.MACS2.narrowPeak.gz
COAD	promoter	Normal-sigmoid-colon	H3K4me3	GSM1227072	GSE16256	23526891	RFECS: a random-forest based algorithm for enhancer identification from chromatin state	SRR1045811	GSM906422	SRR449627	https://github.com/rhielab/TENET.AnnotationHub_files/raw/main/Promoter/COAD/Normal-sigmoid-colon_GSM1227072_H3K4me3_COAD.filt.nodup.srt.MACS2.narrowPeak.gz
COAD	promoter	Normal-sigmoid-colon	H3K4me3	GSM956024	GSE16256	23526891	RFECS: a random-forest based algorithm for enhancer identification from chromatin state	SRR518490	GSM1059456	SRR643656	https://github.com/rhielab/TENET.AnnotationHub_files/raw/main/Promoter/COAD/Normal-sigmoid-colon_GSM956024_H3K4me3_COAD.filt.nodup.srt.MACS2.narrowPeak.gz
COAD	promoter	HCT116	H3K4me3	GSM1065009	GSE43542	23452851	H3K4me3 interactions with TAF3 regulate preinitiation complex assembly and selective gene activation	SRR649483	GSM1065007	SRR649469,SRR649470,SRR649471,SRR649472,SRR649473,SRR649474,SRR649475	https://github.com/rhielab/TENET.AnnotationHub_files/raw/main/Promoter/COAD/HCT116_GSM1065009_H3K4me3_COAD.filt.nodup.srt.MACS2.narrowPeak.gz
COAD	promoter	HCT116	H3K4me3	GSM1240115	GSE51176	24081332	The MLL3/MLL4 branches of the COMPASS family function as major histone H3K4 monomethylases at enhancers	SRR1002911	GSM1240117	SRR1002915,SRR1002916	https://github.com/rhielab/TENET.AnnotationHub_files/raw/main/Promoter/COAD/HCT116_GSM1240115_H3K4me3_COAD.filt.nodup.srt.MACS2.narrowPeak.gz
COAD	promoter	HCT116	H3K4me3	GSM1415874	GSE58638	25747664	The role of DNA methylation in directing the functional organization of the cancer epigenome	SRR1425172	GSM1415880	SRR1425178	https://github.com/rhielab/TENET.AnnotationHub_files/raw/main/Promoter/COAD/HCT116_GSM1415874_H3K4me3_COAD.filt.nodup.srt.MACS2.narrowPeak.gz
COAD	promoter	HCT116	H3K4me3	GSM1420153	GSE58638	25747664	The role of DNA methylation in directing the functional organization of the cancer epigenome	SRR1460697	GSM1415880	SRR1425178	https://github.com/rhielab/TENET.AnnotationHub_files/raw/main/Promoter/COAD/HCT116_GSM1420153_H3K4me3_COAD.filt.nodup.srt.MACS2.narrowPeak.gz
COAD	promoter	HCT116	H3K4me3	GSM1835986	GSE71514	27941798	ARID1A loss impairs enhancer-mediated gene regulation and drives colon cancer in mice	SRR2133612	GSM1835996	SRR2133622	https://github.com/rhielab/TENET.AnnotationHub_files/raw/main/Promoter/COAD/HCT116_GSM1835986_H3K4me3_COAD.filt.nodup.srt.MACS2.narrowPeak.gz
COAD	promoter	HCT116	H3K4me3	GSM1866699	GSE72622	26981421	Genome-wide analysis of KAP1, the 7SK snRNP complex, and RNA polymerase II	SRR2229176	GSM1866702	SRR2229188,SRR2229189,SRR2229190,SRR2229191	https://github.com/rhielab/TENET.AnnotationHub_files/raw/main/Promoter/COAD/HCT116_GSM1866699_H3K4me3_COAD.filt.nodup.srt.MACS2.narrowPeak.gz
COAD	promoter	HCT116	H3K4me3	GSM2670993	GSE100040	28768201	Human TFIIH Kinase CDK7 Regulates Transcription-Associated Chromatin Modifications	SRR5687787	GSM2670989	SRR5687783	https://github.com/rhielab/TENET.AnnotationHub_files/raw/main/Promoter/COAD/HCT116_GSM2670993_H3K4me3_COAD.filt.nodup.srt.MACS2.narrowPeak.gz
COAD	promoter	HCT116	H3K4me3	GSM2670995	GSE100040	28768201	Human TFIIH Kinase CDK7 Regulates Transcription-Associated Chromatin Modifications	SRR5687789	GSM2670991	SRR5687785	https://github.com/rhielab/TENET.AnnotationHub_files/raw/main/Promoter/COAD/HCT116_GSM2670995_H3K4me3_COAD.filt.nodup.srt.MACS2.narrowPeak.gz
COAD	promoter	HCT116	H3K4me3	GSM2711394	GSE101646	29089422	A cryptic Tudor domain links BRWD2/PHIP to COMPASS-mediated histone H3K4 methylation	SRR5850572	GSM2711398	SRR5850588,SRR5850589,SRR5850590,SRR5850591	https://github.com/rhielab/TENET.AnnotationHub_files/raw/main/Promoter/COAD/HCT116_GSM2711394_H3K4me3_COAD.filt.nodup.srt.MACS2.narrowPeak.gz
COAD	promoter	HCT116	H3K4me3	GSM2711397	GSE101646	29089422	A cryptic Tudor domain links BRWD2/PHIP to COMPASS-mediated histone H3K4 methylation	SRR5850584	GSM2711398	SRR5850588,SRR5850589,SRR5850590,SRR5850591	https://github.com/rhielab/TENET.AnnotationHub_files/raw/main/Promoter/COAD/HCT116_GSM2711397_H3K4me3_COAD.filt.nodup.srt.MACS2.narrowPeak.gz
COAD	promoter	HCT116	H3K4me3	GSM2719740	GSE101975	28967863	Chromatin accessibility underlies synthetic lethality of SWI/SNF subunits in ARID1A-mutant cancers	SRR5876174	GSM2719764	SRR5876198	https://github.com/rhielab/TENET.AnnotationHub_files/raw/main/Promoter/COAD/HCT116_GSM2719740_H3K4me3_COAD.filt.nodup.srt.MACS2.narrowPeak.gz
COAD	promoter	HCT116	H3K4me3	GSM2719741	GSE101975	28967863	Chromatin accessibility underlies synthetic lethality of SWI/SNF subunits in ARID1A-mutant cancers	SRR5876175	GSM2719764	SRR5876198	https://github.com/rhielab/TENET.AnnotationHub_files/raw/main/Promoter/COAD/HCT116_GSM2719741_H3K4me3_COAD.filt.nodup.srt.MACS2.narrowPeak.gz
COAD	promoter	HCT116	H3K4me3	GSM945304	GSE60106	22955617	The accessible chromatin landscape of the human genome	SRR577543	GSM945287	SRR577511	https://github.com/rhielab/TENET.AnnotationHub_files/raw/main/Promoter/COAD/HCT116_GSM945304_H3K4me3_COAD.filt.nodup.srt.MACS2.narrowPeak.gz
COAD	promoter	LoVo	H3K4me3	GSM1208811	GSE49402	23953112	Transcription factor binding in human cells occurs in dense clusters formed around cohesin anchor sites	SRR952606	GSM1208813	SRR952608	https://github.com/rhielab/TENET.AnnotationHub_files/raw/main/Promoter/COAD/LoVo_GSM1208811_H3K4me3_COAD.filt.nodup.srt.MACS2.narrowPeak.gz
COAD	promoter	LS174T	H3K4me3	GSM1365901	GSE56897	24952462	The transcription factor GATA6 enables self-renewal of colon adenoma stem cells by repressing BMP gene expression	SRR1223427	GSM1197323	SRR944361	https://github.com/rhielab/TENET.AnnotationHub_files/raw/main/Promoter/COAD/LS174T_GSM1365901_H3K4me3_COAD.filt.nodup.srt.MACS2.narrowPeak.gz
COAD	promoter	RKO	H3K4me3	GSM1146450	GSE47190	24065767	Exchange of associated factors directs a switch in HBO1 acetyltransferase histone tail specificity	SRR866879	GSM1146452	SRR866881	https://github.com/rhielab/TENET.AnnotationHub_files/raw/main/Promoter/COAD/RKO_GSM1146450_H3K4me3_COAD.filt.nodup.srt.MACS2.narrowPeak.gz
COAD	promoter	V400	H3K4me3	GSM883690	GSE36401	22499810	Epigenomic enhancer profiling defines a signature of colon cancer	SRR424643	GSM883666	SRR424619	https://github.com/rhielab/TENET.AnnotationHub_files/raw/main/Promoter/COAD/V400_GSM883690_H3K4me3_COAD.filt.nodup.srt.MACS2.narrowPeak.gz
COAD	promoter	V503	H3K4me3	GSM883688	GSE36401	22499810	Epigenomic enhancer profiling defines a signature of colon cancer	SRR424641	GSM883671	SRR424624	https://github.com/rhielab/TENET.AnnotationHub_files/raw/main/Promoter/COAD/V503_GSM883688_H3K4me3_COAD.filt.nodup.srt.MACS2.narrowPeak.gz
COAD	promoter	V9M	H3K4me3	GSM883689	GSE36401	22499810	Epigenomic enhancer profiling defines a signature of colon cancer	SRR424642	GSM883674	SRR424627	https://github.com/rhielab/TENET.AnnotationHub_files/raw/main/Promoter/COAD/V9M_GSM883689_H3K4me3_COAD.filt.nodup.srt.MACS2.narrowPeak.gz
ESCA	promoter	Esophagus-squamous-epithelium-tissue	H3K4me3	ENCFF804WXC	ENCSR508UPW	22955616	An integrated encyclopedia of DNA elements in the human genome	NA	NA	NA	https://github.com/rhielab/TENET.AnnotationHub_files/raw/main/Promoter/ESCA/Esophagus-squamous-epithelium-tissue_ENCFF804WXC_H3K4me3_ESCA.bed.gz
ESCA	promoter	Esophagus-tissue	H3K4me3	ENCFF714MLW	ENCSR577ILY	22955616	An integrated encyclopedia of DNA elements in the human genome	NA	NA	NA	https://github.com/rhielab/TENET.AnnotationHub_files/raw/main/Promoter/ESCA/Esophagus-tissue_ENCFF714MLW_H3K4me3_ESCA.bed.gz
ESCA	promoter	Esophagus-tissue	H3K4me3	GSM1227069	GSE16256	23526891	RFECS: a random-forest based algorithm for enhancer identification from chromatin state	SRR1045804		SRR1045841	https://github.com/rhielab/TENET.AnnotationHub_files/raw/main/Promoter/ESCA/Esophagus-tissue_GSM1227069_H3K4me3_ESCA.filt.nodup.srt.MACS2.narrowPeak.gz
ESCA	promoter	Esophagus-tissue	H3K4me3	GSM910578	GSE16256	23526891	RFECS: a random-forest based algorithm for enhancer identification from chromatin state	SRR458451	GSM1120364	SRR449620	https://github.com/rhielab/TENET.AnnotationHub_files/raw/main/Promoter/ESCA/Esophagus-tissue_GSM910578_H3K4me3_ESCA.filt.nodup.srt.MACS2.narrowPeak.gz
ESCA	promoter	HBE	H3K4me3	GSM2266288	GSE85403	29572268	A transcription factor network represses CFTR gene expression in airway epithelial cells	SRR4016961	GSM2766557	SRR4016954,SRR4016955	https://github.com/rhielab/TENET.AnnotationHub_files/raw/main/Promoter/ESCA/HBE_GSM2266288_H3K4me3_ESCA.filt.nodup.srt.MACS2.narrowPeak.gz
ESCA	promoter	HBEC-3KT	H3K4me3	GSM2766555	GSE103331	28898697	Chronic Cigarette Smoke-Induced Epigenomic Changes Precede Sensitization of Bronchial Epithelial Cells to Single-Step Transformation by KRAS Mutations	SRR5992974	GSM945289	SRR5992976	https://github.com/rhielab/TENET.AnnotationHub_files/raw/main/Promoter/ESCA/HBEC-3KT_GSM2766555_H3K4me3_ESCA.filt.nodup.srt.MACS2.narrowPeak.gz
ESCA	promoter	HEEpiC	H3K4me3	GSM945286	GSE35583	22955617	The accessible chromatin landscape of the human genome	SRR577509,SRR577510	GSM1303753	SRR577514	https://github.com/rhielab/TENET.AnnotationHub_files/raw/main/Promoter/ESCA/HEEpiC_GSM945286_H3K4me3_ESCA.filt.nodup.srt.MACS2.narrowPeak.gz
ESCA	promoter	KYSE-150	H3K4me3	GSM1303758	GSE53938	24396064	The demethylase JMJD2C localizes to H3K4me3-positive transcription start sites and is dispensable for embryonic development	SRR1104945	GSM2039113	SRR1104940	https://github.com/rhielab/TENET.AnnotationHub_files/raw/main/Promoter/ESCA/KYSE-150_GSM1303758_H3K4me3_ESCA.filt.nodup.srt.MACS2.narrowPeak.gz
KIRP	promoter	293T-Rex	H3K4me3	GSM1479215	GSE60411	25519132	An AUTS2-Polycomb complex activates gene expression in the CNS	SRR1550928	GSM1479211	SRR1550924	https://github.com/rhielab/TENET.AnnotationHub_files/raw/main/Promoter/KIRP/293T-Rex_GSM1479215_H3K4me3_KIRP.filt.nodup.srt.MACS2.narrowPeak.gz
KIRP	promoter	A-498	H3K4me3	GSM2293337	GSE86095	28893800	VHL Deficiency Drives Enhancer Activation of Oncogenes in Clear Cell Renal Cell Carcinoma	SRR4068120,SRR4068121,SRR4068122,SRR4068123,SRR4068124,SRR4068125	GSM2293340	SRR4068138,SRR4068139,SRR4068140,SRR4068141,SRR4068142,SRR4068143	https://github.com/rhielab/TENET.AnnotationHub_files/raw/main/Promoter/KIRP/A-498_GSM2293337_H3K4me3_KIRP.filt.nodup.srt.MACS2.narrowPeak.gz
KIRP	promoter	Adjacent-normal-kidney-tissue	H3K4me3	GSM1960245	GSE75597	26759245	Identification of DNA Methylation-Independent Epigenetic Events Underlying Clear Cell Renal Cell Carcinoma	SRR2969508	GSM1960257	SRR2969520	https://github.com/rhielab/TENET.AnnotationHub_files/raw/main/Promoter/KIRP/Adjacent-normal-kidney-tissue_GSM1960245_H3K4me3_KIRP.filt.nodup.srt.MACS2.narrowPeak.gz
KIRP	promoter	Adjacent-normal-kidney-tissue	H3K4me3	GSM1960247	GSE75597	26759245	Identification of DNA Methylation-Independent Epigenetic Events Underlying Clear Cell Renal Cell Carcinoma	SRR2969510	GSM1960259	SRR2969522	https://github.com/rhielab/TENET.AnnotationHub_files/raw/main/Promoter/KIRP/Adjacent-normal-kidney-tissue_GSM1960247_H3K4me3_KIRP.filt.nodup.srt.MACS2.narrowPeak.gz
KIRP	promoter	Adjacent-normal-kidney-tissue	H3K4me3	GSM2293415	GSE86095	28893800	VHL Deficiency Drives Enhancer Activation of Oncogenes in Clear Cell Renal Cell Carcinoma	SRR4068909,SRR4068910,SRR4068911,SRR4068912,SRR4068913,SRR4068914	GSM2293412	SRR4068895,SRR4068896,SRR4068897,SRR4068898	https://github.com/rhielab/TENET.AnnotationHub_files/raw/main/Promoter/KIRP/Adjacent-normal-kidney-tissue_GSM2293415_H3K4me3_KIRP.filt.nodup.srt.MACS2.narrowPeak.gz
KIRP	promoter	Adjacent-normal-kidney-tissue	H3K4me3	GSM2293440	GSE86095	28893800	VHL Deficiency Drives Enhancer Activation of Oncogenes in Clear Cell Renal Cell Carcinoma	SRR4068999,SRR4069000	GSM2293439	SRR4068997,SRR4068998	https://github.com/rhielab/TENET.AnnotationHub_files/raw/main/Promoter/KIRP/Adjacent-normal-kidney-tissue_GSM2293440_H3K4me3_KIRP.filt.nodup.srt.MACS2.narrowPeak.gz
KIRP	promoter	Adjacent-normal-kidney-tissue	H3K4me3	GSM2293456	GSE86095	28893800	VHL Deficiency Drives Enhancer Activation of Oncogenes in Clear Cell Renal Cell Carcinoma	SRR4069031,SRR4069032	GSM2293459	SRR4069037,SRR4069038	https://github.com/rhielab/TENET.AnnotationHub_files/raw/main/Promoter/KIRP/Adjacent-normal-kidney-tissue_GSM2293456_H3K4me3_KIRP.filt.nodup.srt.MACS2.narrowPeak.gz
KIRP	promoter	HEK293	H3K4me3	GSM1482821	GSE60378	26212453	An Interactive Database for the Assessment of Histone Antibody Specificity	SRR1555107	GSM1482822	SRR1555108	https://github.com/rhielab/TENET.AnnotationHub_files/raw/main/Promoter/KIRP/HEK293_GSM1482821_H3K4me3_KIRP.filt.nodup.srt.MACS2.narrowPeak.gz
KIRP	promoter	HEK293	H3K4me3	GSM2711412	GSE101646	29089422	A cryptic Tudor domain links BRWD2/PHIP to COMPASS-mediated histone H3K4 methylation	SRR5850644,SRR5850645,SRR5850646,SRR5850647	GSM2711413	SRR5850648,SRR5850649,SRR5850650,SRR5850651	https://github.com/rhielab/TENET.AnnotationHub_files/raw/main/Promoter/KIRP/HEK293_GSM2711412_H3K4me3_KIRP.filt.nodup.srt.MACS2.narrowPeak.gz
KIRP	promoter	HEK293	H3K4me3	GSM945288	GSE35583	22955617	The accessible chromatin landscape of the human genome	SRR577512,SRR577513	GSM945256	SRR577466	https://github.com/rhielab/TENET.AnnotationHub_files/raw/main/Promoter/KIRP/HEK293_GSM945288_H3K4me3_KIRP.filt.nodup.srt.MACS2.narrowPeak.gz
KIRP	promoter	HEK293T	H3K4me3	GSM2643608	GSE99407	29072575	A map of human PRDM9 binding provides evidence for novel behaviors of PRDM9 and other zinc-finger proteins in meiosis	SRR5627135	GSM2643610	SRR5627137	https://github.com/rhielab/TENET.AnnotationHub_files/raw/main/Promoter/KIRP/HEK293T_GSM2643608_H3K4me3_KIRP.filt.nodup.srt.MACS2.narrowPeak.gz
KIRP	promoter	HEK293T	H3K4me3	GSM2643609	GSE99407	29072575	A map of human PRDM9 binding provides evidence for novel behaviors of PRDM9 and other zinc-finger proteins in meiosis	SRR5627136	GSM2643610	SRR5627137	https://github.com/rhielab/TENET.AnnotationHub_files/raw/main/Promoter/KIRP/HEK293T_GSM2643609_H3K4me3_KIRP.filt.nodup.srt.MACS2.narrowPeak.gz
KIRP	promoter	HK-2	H3K4me3	GSM2293341	GSE86095	28893800	VHL Deficiency Drives Enhancer Activation of Oncogenes in Clear Cell Renal Cell Carcinoma	SRR4068144,SRR4068145	GSM2293344	SRR4068150,SRR4068151	https://github.com/rhielab/TENET.AnnotationHub_files/raw/main/Promoter/KIRP/HK-2_GSM2293341_H3K4me3_KIRP.filt.nodup.srt.MACS2.narrowPeak.gz
KIRP	promoter	HKC8	H3K4me3	GSM1203228	GSE49637	28575649	Genetic-Variation-Driven Gene-Expression Changes Highlight Genes with Important Functions for Kidney Disease	SRR949471	GSM1203232	SRR949475,SRR949476	https://github.com/rhielab/TENET.AnnotationHub_files/raw/main/Promoter/KIRP/HKC8_GSM1203228_H3K4me3_KIRP.filt.nodup.srt.MACS2.narrowPeak.gz
KIRP	promoter	Human-kidney-GFP-hMR-cells	H3K4me3	GSM1708663	GSE69777	26054365	Cistrome of the aldosterone-activated mineralocorticoid receptor in human renal cells	SRR2060208	GSM1708660	SRR2060205	https://github.com/rhielab/TENET.AnnotationHub_files/raw/main/Promoter/KIRP/Human-kidney-GFP-hMR-cells_GSM1708663_H3K4me3_KIRP.filt.nodup.srt.MACS2.narrowPeak.gz
KIRP	promoter	iSLK-219	H3K4me3	GSM1359502	GSE56144	24696474	Site-specific association with host and viral chromatin by Kaposi's sarcoma-associated herpesvirus LANA and its reversal during lytic reactivation	SRR1207855	GSM1359511	SRR1207863	https://github.com/rhielab/TENET.AnnotationHub_files/raw/main/Promoter/KIRP/iSLK-219_GSM1359502_H3K4me3_KIRP.filt.nodup.srt.MACS2.narrowPeak.gz
KIRP	promoter	PCS-400	H3K4me3	GSM2293345	GSE86095	28893800	VHL Deficiency Drives Enhancer Activation of Oncogenes in Clear Cell Renal Cell Carcinoma	SRR4068152,SRR4068153	GSM2293348	SRR4068158,SRR4068159	https://github.com/rhielab/TENET.AnnotationHub_files/raw/main/Promoter/KIRP/PCS-400_GSM2293345_H3K4me3_KIRP.filt.nodup.srt.MACS2.narrowPeak.gz
KIRP	promoter	Renal-epithelial-cells	H3K4me3	GSM945276	GSE35583	22955617	The accessible chromatin landscape of the human genome	SRR577495,SRR577496	GSM945257	SRR577467	https://github.com/rhielab/TENET.AnnotationHub_files/raw/main/Promoter/KIRP/Renal-epithelial-cells_GSM945276_H3K4me3_KIRP.filt.nodup.srt.MACS2.narrowPeak.gz
KIRP	promoter	Renal-proximal-tubule-epithelial-cells	H3K4me3	GSM945216	GSE35583	22955617	The accessible chromatin landscape of the human genome	SRR577408,SRR577409	GSM945217	SRR577410	https://github.com/rhielab/TENET.AnnotationHub_files/raw/main/Promoter/KIRP/Renal-proximal-tubule-epithelial-cells_GSM945216_H3K4me3_KIRP.filt.nodup.srt.MACS2.narrowPeak.gz
LIHC	promoter	Adult-liver-tissue	H3K4me3	GSM1220298	GSE16256	23526891	RFECS: a random-forest based algorithm for enhancer identification from chromatin state	SRR1143973,SRR1143974	GSM1059458	SRR643658	https://github.com/rhielab/TENET.AnnotationHub_files/raw/main/Promoter/LIHC/Adult-liver-tissue_GSM1220298_H3K4me3_LIHC.filt.nodup.srt.MACS2.narrowPeak.gz
LIHC	promoter	Hepatocytes-originated-from-H9	H3K4me3	ENCFF646JEB	ENCSR442ZOI	22955616	An integrated encyclopedia of DNA elements in the human genome	NA	NA	NA	https://github.com/rhielab/TENET.AnnotationHub_files/raw/main/Promoter/LIHC/Hepatocytes-originated-from-H9_ENCFF646JEB_H3K4me3_LIHC.bed.gz
LIHC	promoter	Hepatocytes	H3K4me3	GSM2644049	GSE99301	28666119	Type 2 Diabetes Variants Disrupt Function of SLC16A11 through Two Distinct Mechanisms	SRR5629205	GSM2644057	SRR5629213	https://github.com/rhielab/TENET.AnnotationHub_files/raw/main/Promoter/LIHC/Hepatocytes_GSM2644049_H3K4me3_LIHC.filt.nodup.srt.MACS2.narrowPeak.gz
LIHC	promoter	Hepatocytes	H3K4me3	GSM2644052	GSE99301	28666119	Type 2 Diabetes Variants Disrupt Function of SLC16A11 through Two Distinct Mechanisms	SRR5629208	GSM2644058	SRR5629214	https://github.com/rhielab/TENET.AnnotationHub_files/raw/main/Promoter/LIHC/Hepatocytes_GSM2644052_H3K4me3_LIHC.filt.nodup.srt.MACS2.narrowPeak.gz
LIHC	promoter	Hepatocytes	H3K4me3	GSM2644055	GSE99301	28666119	Type 2 Diabetes Variants Disrupt Function of SLC16A11 through Two Distinct Mechanisms	SRR5629211	GSM2644059	SRR5629215	https://github.com/rhielab/TENET.AnnotationHub_files/raw/main/Promoter/LIHC/Hepatocytes_GSM2644055_H3K4me3_LIHC.filt.nodup.srt.MACS2.narrowPeak.gz
LIHC	promoter	HepG2	H3K4me3	GSM646364	GSE26386	21441907	Mapping and analysis of chromatin state dynamics in nine human cell types	SRR094247	GSM646370,GSM646371	SRR094253,SRR094254	https://github.com/rhielab/TENET.AnnotationHub_files/raw/main/Promoter/LIHC/HepG2_GSM646364_H3K4me3_LIHC.filt.nodup.srt.MACS2.narrowPeak.gz
LIHC	promoter	HepG2	H3K4me3	GSM646365	GSE26386	21441907	Mapping and analysis of chromatin state dynamics in nine human cell types	SRR094248	GSM646370,GSM646371	SRR094253,SRR094254	https://github.com/rhielab/TENET.AnnotationHub_files/raw/main/Promoter/LIHC/HepG2_GSM646365_H3K4me3_LIHC.filt.nodup.srt.MACS2.narrowPeak.gz
LIHC	promoter	HepG2	H3K4me3	GSM733737	GSE51334	22955616	An integrated encyclopedia of DNA elements in the human genome	SRR227563,SRR227564	GSM733732	SRR227552,SRR227553	https://github.com/rhielab/TENET.AnnotationHub_files/raw/main/Promoter/LIHC/HepG2_GSM733737_H3K4me3_LIHC.filt.nodup.srt.MACS2.narrowPeak.gz
LIHC	promoter	HepG2	H3K4me3	GSM945182	GSE51334	22955617	The accessible chromatin landscape of the human genome	SRR577345,SRR577346	GSM945291	SRR577517	https://github.com/rhielab/TENET.AnnotationHub_files/raw/main/Promoter/LIHC/HepG2_GSM945182_H3K4me3_LIHC.filt.nodup.srt.MACS2.narrowPeak.gz
LIHC	promoter	HuCCT1	H3K4me3	GSM1670701	GSE68388	26439301	YAP Drives Growth by Controlling Transcriptional Pause Release from Dynamic Enhancers	SRR2001767	GSM1670718	SRR2001784	https://github.com/rhielab/TENET.AnnotationHub_files/raw/main/Promoter/LIHC/HuCCT1_GSM1670701_H3K4me3_LIHC.filt.nodup.srt.MACS2.narrowPeak.gz
LIHC	promoter	Huh7	H3K4me3	GSM2946722	GSE109575	29466730	A LIN28B Tumor-Specific Transcript in Cancer	SRR6507241,SRR6710678	GSM2946724	SRR6507243	https://github.com/rhielab/TENET.AnnotationHub_files/raw/main/Promoter/LIHC/Huh7_GSM2946722_H3K4me3_LIHC.filt.nodup.srt.MACS2.narrowPeak.gz
LIHC	promoter	Liver-tissue	H3K4me3	ENCFF491JYA	ENCSR344TLI	22955616	An integrated encyclopedia of DNA elements in the human genome	NA	NA	NA	https://github.com/rhielab/TENET.AnnotationHub_files/raw/main/Promoter/LIHC/Liver-tissue_ENCFF491JYA_H3K4me3_LIHC.bed.gz
LIHC	promoter	Liver-tissue	H3K4me3	ENCFF830ODB	ENCSR795VEN	22955616	An integrated encyclopedia of DNA elements in the human genome	NA	NA	NA	https://github.com/rhielab/TENET.AnnotationHub_files/raw/main/Promoter/LIHC/Liver-tissue_ENCFF830ODB_H3K4me3_LIHC.bed.gz
LUAD	promoter	A549	H3K4me3	GSM1003561	GSE29611	22955616	An integrated encyclopedia of DNA elements in the human genome	SRR568412,SRR568413	GSM1003541	SRR568374,SRR568375	https://github.com/rhielab/TENET.AnnotationHub_files/raw/main/Promoter/LUAD/A549_GSM1003561_H3K4me3_LUAD.filt.nodup.srt.MACS2.narrowPeak.gz
LUAD	promoter	A549	H3K4me3	GSM1038455	GSE42375	24004852	Epigenetic coordination of signaling pathways during the epithelial-mesenchymal transition	SRR618291	GSM1038473	SRR618309	https://github.com/rhielab/TENET.AnnotationHub_files/raw/main/Promoter/LUAD/A549_GSM1038455_H3K4me3_LUAD.filt.nodup.srt.MACS2.narrowPeak.gz
LUAD	promoter	A549	H3K4me3	GSM945244	GSE35583	22955617	The accessible chromatin landscape of the human genome	SRR577451,SRR577452	GSM945243	SRR577450	https://github.com/rhielab/TENET.AnnotationHub_files/raw/main/Promoter/LUAD/A549_GSM945244_H3K4me3_LUAD.filt.nodup.srt.MACS2.narrowPeak.gz
LUAD	promoter	A549	H3K4me3	ENCFF591AJH,ENCFF933ONG,ENCFF871ELU	ENCSR203XPU	22955616	An integrated encyclopedia of DNA elements in the human genome	NA	NA	NA	https://github.com/rhielab/TENET.AnnotationHub_files/raw/main/Promoter/LUAD/A549_ENCFF591AJH,ENCFF933ONG,ENCFF871ELU_H3K4me3_LUAD.bed.gz
LUAD	promoter	Fetal-lung-tissue	H3K4me3	GSM621405	GSE19465	20944595	The NIH Roadmap Epigenomics Mapping Consortium	SRR1068380	GSM669993	SRR1067507	https://github.com/rhielab/TENET.AnnotationHub_files/raw/main/Promoter/LUAD/Fetal-lung-tissue_GSM621405_H3K4me3_LUAD.filt.nodup.srt.MACS2.narrowPeak.gz
LUAD	promoter	Fetal-lung-tissue	H3K4me3	GSM621417	GSE19465	20944595	The NIH Roadmap Epigenomics Mapping Consortium	SRR1068390	GSM669993	SRR1067507	https://github.com/rhielab/TENET.AnnotationHub_files/raw/main/Promoter/LUAD/Fetal-lung-tissue_GSM621417_H3K4me3_LUAD.filt.nodup.srt.MACS2.narrowPeak.gz
LUAD	promoter	H1299	H3K4me3	GSM2150366	GSE81322	28604729	DNMT and HDAC inhibitors induce cryptic transcription start sites encoded in long terminal repeats	SRR3498357	GSM2150369	SRR3498360	https://github.com/rhielab/TENET.AnnotationHub_files/raw/main/Promoter/LUAD/H1299_GSM2150366_H3K4me3_LUAD.filt.nodup.srt.MACS2.narrowPeak.gz
LUAD	promoter	H1299	H3K4me3	GSM2171224	GSE81689	28538184	Taxane-Platin-Resistant Lung Cancers Co-develop Hypersensitivity to JumonjiC Demethylase Inhibitors	SRR3556197	GSM2171236	SRR3556209	https://github.com/rhielab/TENET.AnnotationHub_files/raw/main/Promoter/LUAD/H1299_GSM2171224_H3K4me3_LUAD.filt.nodup.srt.MACS2.narrowPeak.gz
LUAD	promoter	H1299-T18	H3K4me3	GSM2171230	GSE81689	28538184	Taxane-Platin-Resistant Lung Cancers Co-develop Hypersensitivity to JumonjiC Demethylase Inhibitors	SRR3556203	GSM2171237	SRR3556210	https://github.com/rhielab/TENET.AnnotationHub_files/raw/main/Promoter/LUAD/H1299-T18_GSM2171230_H3K4me3_LUAD.filt.nodup.srt.MACS2.narrowPeak.gz
LUAD	promoter	H358	H3K4me3	GSM2752895	GSE79707	28767039	FXR1 regulates transcription and is required for growth of human cancer cells with TP53/FXR2 homozygous deletion	SRR5967227	GSM2752892	SRR5967224	https://github.com/rhielab/TENET.AnnotationHub_files/raw/main/Promoter/LUAD/H358_GSM2752895_H3K4me3_LUAD.filt.nodup.srt.MACS2.narrowPeak.gz
LUAD	promoter	Lung-tissue	H3K4me3	GSM1227065	GSE16256	23526891	RFECS: a random-forest based algorithm for enhancer identification from chromatin state	SRR1045796	GSM956031	SRR518307	https://github.com/rhielab/TENET.AnnotationHub_files/raw/main/Promoter/LUAD/Lung-tissue_GSM1227065_H3K4me3_LUAD.filt.nodup.srt.MACS2.narrowPeak.gz
LUAD	promoter	Lung-tissue	H3K4me3	GSM915336	GSE16256	23526891	RFECS: a random-forest based algorithm for enhancer identification from chromatin state	SRR486248	GSM956031	SRR518307	https://github.com/rhielab/TENET.AnnotationHub_files/raw/main/Promoter/LUAD/Lung-tissue_GSM915336_H3K4me3_LUAD.filt.nodup.srt.MACS2.narrowPeak.gz
LUAD	promoter	PC-9	H3K4me3	ENCFF486GVX	ENCSR441JWF	22955616	An integrated encyclopedia of DNA elements in the human genome	NA	NA	NA	https://github.com/rhielab/TENET.AnnotationHub_files/raw/main/Promoter/LUAD/PC-9_ENCFF486GVX_H3K4me3_LUAD.bed.gz
LUAD	promoter	SAEC	H3K4me3	GSM945199	GSE35583	22955617	The accessible chromatin landscape of the human genome	SRR577374,SRR577375	GSM945314	SRR577557	https://github.com/rhielab/TENET.AnnotationHub_files/raw/main/Promoter/LUAD/SAEC_GSM945199_H3K4me3_LUAD.filt.nodup.srt.MACS2.narrowPeak.gz
LUSC	promoter	BEAS-2B	H3K4me3	GSM1354430	GSE56051	25246589	Epigenetic dysregulation by nickel through repressive chromatin domain disruption	SRR1200466,SRR1200467,SRR1200468	GSM1354440	SRR1200494	https://github.com/rhielab/TENET.AnnotationHub_files/raw/main/Promoter/LUSC/BEAS-2B_GSM1354430_H3K4me3_LUSC.filt.nodup.srt.MACS2.narrowPeak.gz
LUSC	promoter	Bronchial-epithelial-cells	H3K4me3	GSM2266288	GSE85403	29572268	A transcription factor network represses CFTR gene expression in airway epithelial cells	SRR4016961	GSM2766557	SRR4016954,SRR4016955	https://github.com/rhielab/TENET.AnnotationHub_files/raw/main/Promoter/LUSC/Bronchial-epithelial-cells_GSM2266288_H3K4me3_LUSC.filt.nodup.srt.MACS2.narrowPeak.gz
LUSC	promoter	Bronchial-epithelial-cells	H3K4me3	GSM2766555	GSE103331	28898697	Chronic Cigarette Smoke-Induced Epigenomic Changes Precede Sensitization of Bronchial Epithelial Cells to Single-Step Transformation by KRAS Mutations	SRR5992974	GSM945289	SRR5992976	https://github.com/rhielab/TENET.AnnotationHub_files/raw/main/Promoter/LUSC/Bronchial-epithelial-cells_GSM2766555_H3K4me3_LUSC.filt.nodup.srt.MACS2.narrowPeak.gz
LUSC	promoter	Bronchial-epithelial-cells	H3K4me3	GSM2766565	GSE103331	28898697	Chronic Cigarette Smoke-Induced Epigenomic Changes Precede Sensitization of Bronchial Epithelial Cells to Single-Step Transformation by KRAS Mutations	SRR5992984	GSM2766567	SRR5992986	https://github.com/rhielab/TENET.AnnotationHub_files/raw/main/Promoter/LUSC/Bronchial-epithelial-cells_GSM2766565_H3K4me3_LUSC.filt.nodup.srt.MACS2.narrowPeak.gz
LUSC	promoter	Fetal-lung-tissue	H3K4me3	GSM621405	GSE19465	20944595	The NIH Roadmap Epigenomics Mapping Consortium	SRR1068380	GSM669993	SRR1067507	https://github.com/rhielab/TENET.AnnotationHub_files/raw/main/Promoter/LUSC/Fetal-lung-tissue_GSM621405_H3K4me3_LUSC.filt.nodup.srt.MACS2.narrowPeak.gz
LUSC	promoter	Fetal-lung-tissue	H3K4me3	GSM621417	GSE19465	20944595	The NIH Roadmap Epigenomics Mapping Consortium	SRR1068390	GSM669993	SRR1067507	https://github.com/rhielab/TENET.AnnotationHub_files/raw/main/Promoter/LUSC/Fetal-lung-tissue_GSM621417_H3K4me3_LUSC.filt.nodup.srt.MACS2.narrowPeak.gz
LUSC	promoter	H1299	H3K4me3	GSM2150366	GSE81322	28604729	DNMT and HDAC inhibitors induce cryptic transcription start sites encoded in long terminal repeats	SRR3498357	GSM2150369	SRR3498360	https://github.com/rhielab/TENET.AnnotationHub_files/raw/main/Promoter/LUSC/H1299_GSM2150366_H3K4me3_LUSC.filt.nodup.srt.MACS2.narrowPeak.gz
LUSC	promoter	H1299	H3K4me3	GSM2171224	GSE81689	28538184	Taxane-Platin-Resistant Lung Cancers Co-develop Hypersensitivity to JumonjiC Demethylase Inhibitors	SRR3556197	GSM2171236	SRR3556209	https://github.com/rhielab/TENET.AnnotationHub_files/raw/main/Promoter/LUSC/H1299_GSM2171224_H3K4me3_LUSC.filt.nodup.srt.MACS2.narrowPeak.gz
LUSC	promoter	H1299-T18	H3K4me3	GSM2171230	GSE81689	28538184	Taxane-Platin-Resistant Lung Cancers Co-develop Hypersensitivity to JumonjiC Demethylase Inhibitors	SRR3556203	GSM2171237	SRR3556210	https://github.com/rhielab/TENET.AnnotationHub_files/raw/main/Promoter/LUSC/H1299-T18_GSM2171230_H3K4me3_LUSC.filt.nodup.srt.MACS2.narrowPeak.gz
LUSC	promoter	Lung-tissue	H3K4me3	GSM1227065	GSE16256	23526891	RFECS: a random-forest based algorithm for enhancer identification from chromatin state	SRR1045796	GSM956031	SRR518307	https://github.com/rhielab/TENET.AnnotationHub_files/raw/main/Promoter/LUSC/Lung-tissue_GSM1227065_H3K4me3_LUSC.filt.nodup.srt.MACS2.narrowPeak.gz
LUSC	promoter	Lung-tissue	H3K4me3	GSM915336	GSE16256	23526891	RFECS: a random-forest based algorithm for enhancer identification from chromatin state	SRR486248	GSM956031	SRR518307	https://github.com/rhielab/TENET.AnnotationHub_files/raw/main/Promoter/LUSC/Lung-tissue_GSM915336_H3K4me3_LUSC.filt.nodup.srt.MACS2.narrowPeak.gz
LUSC	promoter	SAEC	H3K4me3	GSM945199	GSE35583	22955617	The accessible chromatin landscape of the human genome	SRR577374,SRR577375	GSM945314	SRR577557	https://github.com/rhielab/TENET.AnnotationHub_files/raw/main/Promoter/LUSC/SAEC_GSM945199_H3K4me3_LUSC.filt.nodup.srt.MACS2.narrowPeak.gz
THCA	promoter	Thyroid-gland-tissue	H3K4me3	ENCFF458LYW	ENCSR901BRV	22955616	An integrated encyclopedia of DNA elements in the human genome	NA	NA	NA	https://github.com/rhielab/TENET.AnnotationHub_files/raw/main/Promoter/THCA/Thyroid-gland-tissue_ENCFF458LYW_H3K4me3_THCA.bed.gz
THCA	promoter	Thyroid-gland-tissue	H3K4me3	ENCFF803WHE	ENCSR975NOU	22955616	An integrated encyclopedia of DNA elements in the human genome	NA	NA	NA	https://github.com/rhielab/TENET.AnnotationHub_files/raw/main/Promoter/THCA/Thyroid-gland-tissue_ENCFF803WHE_H3K4me3_THCA.bed.gz
